Feature,Importance
V,0.059174847684592684
D,0.05290955490263019
G,0.052202755639626945
Instability_Index,0.049081322677416536
Isoelectric_Point,0.04384530179318186
T,0.04310181045786791
A,0.04171997830019794
GRAVY,0.041148379883221446
L,0.04027337937448008
S,0.03984448779112351
Y,0.03968912413327796
E,0.039450277462554285
Molecular_Weight,0.03921251465369201
Q,0.03831108657060942
C,0.03694780170201592
M,0.036183938281148825
K,0.0358614272018951
N,0.035125001673423244
F,0.03488730288050823
R,0.034542021925353376
H,0.03406760259505422
Aromaticity,0.03396514706455581
I,0.03381136549553173
P,0.03346966159796205
W,0.03117390825807891
